,WaniKani,JLPT,Grade,Genki
Twitter,0.14522003034901365,0.23180428134556577,0.23840837415285512,0.39556962025316456
Aozora,0.15872534142640363,0.23574338085539717,0.23525864379522915,0.38276069921639544
Wikipedia,0.15977069634125782,0.25132382892057026,0.2436738519212746,0.3693490054249548
